Wall time,Step,Value
1686566690.259659,1419,0.46731191873550415
1686566736.258097,2839,0.5229119062423706
1686566782.291893,4259,0.5144492983818054
1686566828.427833,5679,0.5379211902618408
1686566874.456654,7099,0.5561323165893555
1686566920.5060186,8519,0.5565521717071533
1686566966.5666864,9939,0.558158814907074
1686567012.6939797,11359,0.5608396530151367
1686567058.7751954,12779,0.563804566860199
1686567104.8189352,14199,0.5607803463935852
