Wall time,Step,Value
1686566109.1525106,1419,0.43568170070648193
1686566154.7352862,2839,0.4993121325969696
1686566200.364052,4259,0.4927992820739746
1686566246.1422393,5679,0.5068948268890381
1686566291.9380536,7099,0.5424142479896545
1686566337.5709372,8519,0.5345401763916016
1686566383.2798226,9939,0.5455887317657471
1686566429.2118208,11359,0.5531091094017029
1686566475.3577826,12779,0.5582918524742126
1686566520.9832451,14199,0.5582284927368164
