Wall time,Step,Value
1686566109.1525314,1419,0.44357186555862427
1686566154.7353072,2839,0.48317456245422363
1686566200.364074,4259,0.5106163024902344
1686566246.1422603,5679,0.5364746451377869
1686566291.9380803,7099,0.5335791707038879
1686566337.5709584,8519,0.5394980311393738
1686566383.2798443,9939,0.5381776094436646
1686566429.2118418,11359,0.5313868522644043
1686566475.3578036,12779,0.5365397334098816
1686566520.9832664,14199,0.5425585508346558
